{
    "overall": {
        "sacre_bleu": 14.434895643041067,
        "rouge_L": 47.94110180919567,
        "wer": 1.6715328467153285,
        "bert_score_f1": 91.69941226641338
    },
    "language_breakdown": {
        "bengali": {
            "sacre_bleu": 0.9565604442655866,
            "rouge_L": 18.732379291798253,
            "wer": 5.149253731343284,
            "bert_score_f1": 85.5955719947815
        },
        "gujarati": {
            "sacre_bleu": 23.974173579226324,
            "rouge_L": 39.25066904549509,
            "wer": 0.6170212765957447,
            "bert_score_f1": 96.13620837529501
        },
        "hindi": {
            "sacre_bleu": 50.73164680122958,
            "rouge_L": 89.28571428571428,
            "wer": 0.2807017543859649,
            "bert_score_f1": 94.61532831192017
        },
        "marathi": {
            "sacre_bleu": 31.683758398412984,
            "rouge_L": 56.483472720031855,
            "wer": 0.575,
            "bert_score_f1": 92.7013099193573
        },
        "telugu": {
            "sacre_bleu": 15.988880065609145,
            "rouge_L": 36.11111111111111,
            "wer": 0.9565217391304348,
            "bert_score_f1": 89.44865465164185
        }
    }
}